{
  "Kerbol": {
    "sprite": true,
    "radius": 261600000,
    "mass": 1.7565459E+28,
    "velocity": [0, 0, 0],
    "pos": [0, 0, 0]
  },
  "Kerbin": {
    "sprite": true,
    "radius": 600000,
    "mass": 5.2915158E+22,
    "velocity": [0, -9284.5, 0],
    "pos": [13599840256, 0, 0]
  },
  "Eve": {
    "sprite": true,
    "radius": 700000,
    "mass": 1.2243980E+23,
    "velocity": [2797.963, -10442.141, 0],
    "pos": [9.339934085192E+9, 2.502627795487E+9, 0]
  },
  "mariner_2": {
    "sprite": true,
    "radius": 2.3,
    "mass": 3203,
    "velocity": [-3018.474, -7581.594, 0],
    "pos": [1.35994963E+10, -609669.6586, 0]
  }
}