{
  "sun": {
    "sprite": true,
    "radius": 696000000,
    "mass": 1988500.0E24,
    "velocity": [1.383977354624159, -1.562226345203000E+01, 9.649616633348752E-02],
    "pos": [-1.356065792386593E+09, 2.903554737675976E+07, 3.135102475713080E+07]
  },
  "earth": {
    "sprite": true,
    "radius": 6371000,
    "mass": 5.97219E24,
    "velocity": [-3.027507215893090E+04, 5.213311483007916E+02, 1.338863524015188],
    "pos": [1.824239402542158E+09, 1.471773305017895E+11, 2.380867195753753E+07]
  },
  "mercury": {
    "sprite": true,
    "radius": 2440000,
    "mass": 3.302E23,
    "velocity": [-1.240510925524736E+04, 5.078284874348851E+04, 5.289324418581213E+03],
    "pos": [5.086581683739781E+10, 3.249500520910594E+09, -4.495519405116878E+09]
  },
  "venus": {
    "sprite": true,
    "radius": 6051840,
    "mass": 48.685E23,
    "velocity": [2.909934970683588E+04, 1.899588643922105E+04, -1.417923704175486E+03],
    "pos": [5.809921226413026E+10, -9.112757070472288E+10, -4.650825837505791E+09]
  }